date,weather_index,is_holiday,holiday_name,throughput,day_of_week,month,year,day,is_weekend,lag_7,lag_364,flight_ma_7,forecast
2026-01-15,3,0,,,3,1,2026,15,0,2151117.0,2369562.0,19.0,2266609.0003866176
2026-01-16,16,0,,,4,1,2026,16,0,2206079.0,2526699.0,19.0,2526357.7885243907
2026-01-17,3,0,,,5,1,2026,17,1,1971751.0,1939355.0,19.0,1992524.7567904387
2026-01-18,20,0,,,6,1,2026,18,1,2411470.0,2113340.0,19.0,2191904.5834642663
2026-01-19,0,1,Martin Luther King Jr. Day,,0,1,2026,19,0,2140851.0,2467069.0,19.0,2459655.9802761246
2026-01-20,0,0,,,1,1,2026,20,0,1688866.0,1758401.0,19.0,1769748.914841994
2026-01-21,5,0,,,2,1,2026,21,0,1903860.0,1710944.0,19.0,1896257.0337320233
